{"cameraMode":{"drawMode":0,"name":"Shaded","section":"Shading Mode"},"sceneLighting":true,"audioPlay":false,"sceneViewState":{"m_AlwaysRefresh":false,"showFog":true,"showSkybox":true,"showFlares":true,"showImageEffects":true,"showParticleSystems":true,"showVisualEffectGraphs":true,"m_FxEnabled":true},"in2DMode":false,"pivot":{"x":0.8062963485717773,"y":1.454622745513916,"z":1.2907744646072388},"rotation":{"x":-0.036596741527318957,"y":0.9557356238365173,"z":-0.1344900131225586,"w":-0.2598227262496948},"size":0.38200825452804568,"orthographic":false}