{"cameraMode":{"drawMode":0,"name":"Shaded","section":"Shading Mode"},"sceneLighting":true,"audioPlay":false,"sceneViewState":{"m_AlwaysRefresh":false,"showFog":true,"showSkybox":true,"showFlares":true,"showImageEffects":true,"showParticleSystems":true,"showVisualEffectGraphs":true,"m_FxEnabled":true},"in2DMode":false,"pivot":{"x":-1.776314377784729,"y":0.7966850996017456,"z":-0.29097941517829897},"rotation":{"x":-0.006697371136397123,"y":-0.9906601905822754,"z":0.1257980763912201,"w":-0.0526319295167923},"size":1.1803432703018189,"orthographic":false}