{"cameraMode":{"drawMode":0,"name":"Shaded","section":"Shading Mode"},"sceneLighting":false,"audioPlay":false,"sceneViewState":{"m_AlwaysRefresh":false,"showFog":true,"showSkybox":false,"showFlares":true,"showImageEffects":true,"showParticleSystems":true,"showVisualEffectGraphs":true,"m_FxEnabled":true},"in2DMode":false,"pivot":{"x":0.5372002124786377,"y":0.10120467096567154,"z":0.2833734154701233},"rotation":{"x":-0.03280259296298027,"y":0.9664639234542847,"z":-0.15974673628807069,"w":-0.1984415501356125},"size":0.000017319833204965107,"orthographic":false}